University_Name,Location,Degree_Level,Major
Massachusetts Institute of Technology,Cambridge,Bachelors,Computer Science and Engineering
Massachusetts Institute of Technology,Cambridge,Masters,Electrical Engineering and Computer Science
Stanford University,Stanford,Bachelors,Computer Science
Stanford University,Stanford,Masters,Artificial Intelligence
Carnegie Mellon University,Pittsburgh,Bachelors,Artificial Intelligence
Carnegie Mellon University,Pittsburgh,Masters,Robotics
Georgia Institute of Technology,Atlanta,Bachelors,Computer Engineering
Georgia Institute of Technology,Atlanta,Masters,Cybersecurity
University of California, Berkeley,Berkeley,Bachelors,Electrical Engineering and Computer Sciences
University of California, Berkeley,Berkeley,Masters,Data Science
University of Illinois Urbana-Champaign,Urbana,Bachelors,Computer Science
University of Illinois Urbana-Champaign,Urbana,Masters,Computer Science
University of Texas at Austin,Austin,Bachelors,Electrical and Computer Engineering
University of Texas at Austin,Austin,Masters,Software Engineering
Purdue University,West Lafayette,Bachelors,Computer and Information Technology
Purdue University,West Lafayette,Masters,Data Analytics
University of Washington,Seattle,Bachelors,Informatics
University of Washington,Seattle,Masters,Information Management
Cornell University,Ithaca,Bachelors,Computer Science
Cornell University,Ithaca,Masters,Computer Science
California Institute of Technology,Pasadena,Bachelors,Computing and Mathematical Sciences
California Institute of Technology,Pasadena,Masters,Computer Science
University of Michigan,Ann Arbor,Bachelors,Computer Science
University of Michigan,Ann Arbor,Masters,Information
Columbia University,New York,Bachelors,Computer Science
Columbia University,New York,Masters,Computer Engineering
University of Wisconsin–Madison,Madison,Bachelors,Computer Sciences
University of Wisconsin–Madison,Madison,Masters,Computer Sciences
Princeton University,Princeton,Bachelors,Computer Science
Princeton University,Princeton,Masters,Computer Science
Johns Hopkins University,Baltimore,Bachelors,Computer Science
Johns Hopkins University,Baltimore,Masters,Data Science
Duke University,Durham,Bachelors,Computer Science
Duke University,Durham,Masters,Computer Science
New York University,New York,Bachelors,Computer Science
New York University,New York,Masters,Technology Management
University of Pennsylvania,Philadelphia,Bachelors,Computer and Information Science
University of Pennsylvania,Philadelphia,Masters,Computer and Information Science
University of California, Los Angeles,Los Angeles,Bachelors,Computer Science
University of California, Los Angeles,Los Angeles,Masters,Computer Science
University of Southern California,Los Angeles,Bachelors,Computer Science
University of Southern California,Los Angeles,Masters,Cybersecurity
University of California, San Diego,San Diego,Bachelors,Computer Science
University of California, San Diego,San Diego,Masters,Computer Science
University of California, Irvine,Irvine,Bachelors,Informatics
University of California, Irvine,Irvine,Masters,Computer Science
University of California, Davis,Davis,Bachelors,Computer Science
University of California, Davis,Davis,Masters,Computer Science
University of Maryland,College Park,Bachelors,Computer Science
University of Maryland,College Park,Masters,Cybersecurity
Virginia Tech,Blacksburg,Bachelors,Computer Science
Virginia Tech,Blacksburg,Masters,Computer Engineering
Texas A&M University,College Station,Bachelors,Computer Science
Texas A&M University,College Station,Masters,Computer Science
Ohio State University,Columbus,Bachelors,Computer Science and Engineering
Ohio State University,Columbus,Masters,Computer Science and Engineering
Arizona State University,Tempe,Bachelors,Computer Science
Arizona State University,Tempe,Masters,Informatics
North Carolina State University,Raleigh,Bachelors,Computer Science
North Carolina State University,Raleigh,Masters,Computer Science
Pennsylvania State University,University Park,Bachelors,Computer Science
Pennsylvania State University,University Park,Masters,Computer Science
University of Florida,Gainesville,Bachelors,Computer Science
University of Florida,Gainesville,Masters,Computer Science
Indiana University Bloomington,Bloomington,Bachelors,Informatics
Indiana University Bloomington,Bloomington,Masters,Information Science
University of Utah,Salt Lake City,Bachelors,Computer Science
University of Utah,Salt Lake City,Masters,Computer Science
Colorado School of Mines,Golden,Bachelors,Computer Science
Colorado School of Mines,Golden,Masters,Computer Science
University of Colorado Boulder,Boulder,Bachelors,Computer Science
University of Colorado Boulder,Boulder,Masters,Computer Science
Stevens Institute of Technology,Hoboken,Bachelors,Computer Science
Stevens Institute of Technology,Hoboken,Masters,Data Science
Rensselaer Polytechnic Institute,Troy,Bachelors,Computer Science
Rensselaer Polytechnic Institute,Troy,Masters,Computer Science
Rochester Institute of Technology,Rochester,Bachelors,Computing and Information Sciences
Rochester Institute of Technology,Rochester,Masters,Computing and Information Sciences
Worcester Polytechnic Institute,Worcester,Bachelors,Computer Science
Worcester Polytechnic Institute,Worcester,Masters,Computer Science
Illinois Institute of Technology,Chicago,Bachelors,Computer Science
Illinois Institute of Technology,Chicago,Masters,Computer Science
Rose-Hulman Institute of Technology,Terre Haute,Bachelors,Computer Science
Rose-Hulman Institute of Technology,Terre Haute,Masters,Computer Science
Michigan Technological University,Houghton,Bachelors,Computer Science
Michigan Technological University,Houghton,Masters,Computer Science
Florida Institute of Technology,Melbourne,Bachelors,Computer Science
Florida Institute of Technology,Melbourne,Masters,Computer Science
New Jersey Institute of Technology,Newark,Bachelors,Computer Science
New Jersey Institute of Technology,Newark,Masters,Information Technology
George Mason University,Fairfax,Bachelors,Computer Science
George Mason University,Fairfax,Masters,Data Analytics Engineering
Drexel University,Philadelphia,Bachelors,Computer Science
Drexel University,Philadelphia,Masters,Information Systems
Northeastern University,Boston,Bachelors,Computer Science
Northeastern University,Boston,Masters,Information Systems
Boston University,Boston,Bachelors,Computer Science
Boston University,Boston,Masters,Computer Science
Syracuse University,Syracuse,Bachelors,Information Technology
Syracuse University,Syracuse,Masters,Applied Data Science
University at Buffalo (SUNY),Buffalo,Bachelors,Computer Science
University at Buffalo (SUNY),Buffalo,Masters,Computer Science
Stony Brook University (SUNY),Stony Brook,Bachelors,Computer Science
Stony Brook University (SUNY),Stony Brook,Masters,Computer Science
University of Central Florida,Orlando,Bachelors,Computer Science
University of Central Florida,Orlando,Masters,Digital Forensics
Florida International University,Miami,Bachelors,Information Technology
Florida International University,Miami,Masters,Information Technology
University of South Florida,Tampa,Bachelors,Computer Science
University of South Florida,Tampa,Masters,Cybersecurity
University of Houston,Houston,Bachelors,Computer Science
University of Houston,Houston,Masters,Computer Science
Iowa State University,Ames,Bachelors,Computer Science
Iowa State University,Ames,Masters,Information Assurance
Kansas State University,Manhattan,Bachelors,Computer Science
Kansas State University,Manhattan,Masters,Computer Science
University of Kansas,Lawrence,Bachelors,Computer Science
University of Kansas,Lawrence,Masters,Computer Science
University of Nebraska–Lincoln,Lincoln,Bachelors,Computer Science
University of Nebraska–Lincoln,Lincoln,Masters,Computer Science
University of Missouri,Columbia,Bachelors,Information Technology
University of Missouri,Columbia,Masters,Data Science and Analytics
Washington University in St. Louis,St. Louis,Bachelors,Computer Science
Washington University in St. Louis,St. Louis,Masters,Computer Science
Vanderbilt University,Nashville,Bachelors,Computer Science
Vanderbilt University,Nashville,Masters,Computer Science
Rice University,Houston,Bachelors,Computer Science
Rice University,Houston,Masters,Computer Science
Tufts University,Medford,Bachelors,Computer Science
Tufts University,Medford,Masters,Computer Science
Brown University,Providence,Bachelors,Computer Science
Brown University,Providence,Masters,Computer Science
Dartmouth College,Hanover,Bachelors,Computer Science
Dartmouth College,Hanover,Masters,Computer Science
Yale University,New Haven,Bachelors,Computer Science
Yale University,New Haven,Masters,Computer Science
Harvard University,Cambridge,Bachelors,Computer Science
Harvard University,Cambridge,Masters,Data Science
California Polytechnic State University, San Luis Obispo,San Luis Obispo,Bachelors,Computer Science
California Polytechnic State University, San Luis Obispo,San Luis Obispo,Masters,Computer Science
California State Polytechnic University, Pomona,Pomona,Bachelors,Computer Science
California State Polytechnic University, Pomona,Pomona,Masters,Computer Science
San Jose State University,San Jose,Bachelors,Computer Science
San Jose State University,San Jose,Masters,Computer Engineering
San Francisco State University,San Francisco,Bachelors,Computer Science
San Francisco State University,San Francisco,Masters,Computer Science
University of Oregon,Eugene,Bachelors,Computer and Information Science
University of Oregon,Eugene,Masters,Computer and Information Science
Oregon State University,Corvallis,Bachelors,Computer Science
Oregon State University,Corvallis,Masters,Computer Science
Washington State University,Pullman,Bachelors,Computer Science
Washington State University,Pullman,Masters,Computer Science
Boise State University,Boise,Bachelors,Computer Science
Boise State University,Boise,Masters,Cybersecurity
University of Denver,Denver,Bachelors,Computer Science
University of Denver,Denver,Masters,Data Science
University of New Mexico,Albuquerque,Bachelors,Computer Science
University of New Mexico,Albuquerque,Masters,Computer Science
University of Arizona,Tucson,Bachelors,Computer Science
University of Arizona,Tucson,Masters,Computer Science
University of Nevada, Reno,Reno,Bachelors,Computer Science and Engineering
University of Nevada, Reno,Reno,Masters,Computer Science and Engineering
University of Hawaii at Manoa,Honolulu,Bachelors,Information and Computer Sciences
University of Hawaii at Manoa,Honolulu,Masters,Information and Computer Sciences
University of Oklahoma,Norman,Bachelors,Computer Science
University of Oklahoma,Norman,Masters,Computer Science
Oklahoma State University,Stillwater,Bachelors,Computer Science
Oklahoma State University,Stillwater,Masters,Computer Science
University of Arkansas,Fayetteville,Bachelors,Computer Science
University of Arkansas,Fayetteville,Masters,Computer Science
Louisiana State University,Baton Rouge,Bachelors,Computer Science
Louisiana State University,Baton Rouge,Masters,Computer Science
Auburn University,Auburn,Bachelors,Computer Science
Auburn University,Auburn,Masters,Computer Science
Mississippi State University,Starkville,Bachelors,Computer Science
Mississippi State University,Starkville,Masters,Computer Science
University of Alabama,Tuscaloosa,Bachelors,Computer Science
University of Alabama,Tuscaloosa,Masters,Cybersecurity
Clemson University,Clemson,Bachelors,Computer Science
Clemson University,Clemson,Masters,Computer Science
University of South Carolina,Columbia,Bachelors,Computer Science
University of South Carolina,Columbia,Masters,Computer Science
University of Tennessee, Knoxville,Knoxville,Bachelors,Computer Science
University of Tennessee, Knoxville,Knoxville,Masters,Computer Science
University of Kentucky,Lexington,Bachelors,Computer Science
University of Kentucky,Lexington,Masters,Computer Science
University of Cincinnati,Cincinnati,Bachelors,Information Technology
University of Cincinnati,Cincinnati,Masters,Information Technology
Kent State University,Kent,Bachelors,Computer Science
Kent State University,Kent,Masters,Computer Science
University of Akron,Akron,Bachelors,Computer Science
University of Akron,Akron,Masters,Computer Science
Wayne State University,Detroit,Bachelors,Computer Science
Wayne State University,Detroit,Masters,Computer Science
Michigan State University,East Lansing,Bachelors,Computer Science
Michigan State University,East Lansing,Masters,Computer Science
Western Michigan University,Kalamazoo,Bachelors,Computer Science
Western Michigan University,Kalamazoo,Masters,Computer Science
University of Minnesota, Twin Cities,Minneapolis,Bachelors,Computer Science
University of Minnesota, Twin Cities,Minneapolis,Masters,Computer Science
University of Iowa,Iowa City,Bachelors,Computer Science
University of Iowa,Iowa City,Masters,Computer Science
University of North Dakota,Grand Forks,Bachelors,Computer Science
University of North Dakota,Grand Forks,Masters,Computer Science
South Dakota State University,Brookings,Bachelors,Computer Science
South Dakota State University,Brookings,Masters,Computer Science
University of Wyoming,Laramie,Bachelors,Computer Science
University of Wyoming,Laramie,Masters,Computer Science
Montana State University,Bozeman,Bachelors,Computer Science
Montana State University,Bozeman,Masters,Computer Science
University of Idaho,Moscow,Bachelors,Computer Science
University of Idaho,Moscow,Masters,Computer Science
University of Maine,Orono,Bachelors,Computer Science
University of Maine,Orono,Masters,Computer Science
University of New Hampshire,Durham,Bachelors,Computer Science
University of New Hampshire,Durham,Masters,Computer Science
University of Vermont,Burlington,Bachelors,Computer Science
University of Vermont,Burlington,Masters,Computer Science
Rhode Island School of Design,Providence,Bachelors,Digital Media
Rhode Island School of Design,Providence,Masters,Digital Media
University of Rhode Island,Kingston,Bachelors,Computer Science
University of Rhode Island,Kingston,Masters,Computer Science
University of Connecticut,Storrs,Bachelors,Computer Science
University of Connecticut,Storrs,Masters,Computer Science
University of Massachusetts Amherst,Amherst,Bachelors,Computer Science
University of Massachusetts Amherst,Amherst,Masters,Computer Science
Dartmouth College,Hanover,Bachelors,Computer Science
Dartmouth College,Hanover,Masters,Computer Science
Rensselaer Polytechnic Institute,Troy,Bachelors,Computer Science
Rensselaer Polytechnic Institute,Troy,Masters,Computer Science
Rochester Institute of Technology,Rochester,Bachelors,Computing and Information Sciences
Rochester Institute of Technology,Rochester,Masters,Computing and Information Sciences
Worcester Polytechnic Institute,Worcester,Bachelors,Computer Science
Worcester Polytechnic Institute,Worcester,Masters,Computer Science
Massachusetts Institute of Technology,Cambridge, MA,Bachelors,Computer Science and Engineering
Massachusetts Institute of Technology,Cambridge, MA,Masters,Electrical Engineering and Computer Science
Massachusetts Institute of Technology,Cambridge, MA,Masters,Artificial Intelligence and Decision Making
Massachusetts Institute of Technology,Cambridge, MA,Bachelors,Computation and Cognition
Stanford University,Stanford, CA,Bachelors,Computer Science
Stanford University,Stanford, CA,Masters,Computer Science (Artificial Intelligence Specialization)
Stanford University,Stanford, CA,Masters,Data Science
Stanford University,Stanford, CA,Bachelors,Computer Science (Systems Specialization)
Carnegie Mellon University,Pittsburgh, PA,Bachelors,Artificial Intelligence
Carnegie Mellon University,Pittsburgh, PA,Masters,Robotics
Carnegie Mellon University,Pittsburgh, PA,Masters,Software Engineering
Carnegie Mellon University,Pittsburgh, PA,Bachelors,Computational Biology
Carnegie Mellon University,Pittsburgh, PA,Masters,Computational Data Science
Carnegie Mellon University,Pittsburgh, PA,Masters,Information Technology Strategy
University of California, Berkeley,Berkeley, CA,Bachelors,Electrical Engineering & Computer Sciences
University of California, Berkeley,Berkeley, CA,Masters,Computer Science (M.Eng.)
University of California, Berkeley,Berkeley, CA,Masters,Data Science (M.I.D.S.)
University of California, Berkeley,Berkeley, CA,Masters,Financial Engineering (Computational Track)
Georgia Institute of Technology,Atlanta, GA,Bachelors,Computer Science
Georgia Institute of Technology,Atlanta, GA,Masters,Cybersecurity
Georgia Institute of Technology,Atlanta, GA,Bachelors,Computational Media
Georgia Institute of Technology,Atlanta, GA,Masters,Human-Computer Interaction (HCI)
Georgia Institute of Technology,Atlanta, GA,Masters,Analytics
University of Illinois Urbana-Champaign,Urbana, IL,Bachelors,Computer Science
University of Illinois Urbana-Champaign,Urbana, IL,Masters,Computer Science (General)
University of Illinois Urbana-Champaign,Urbana, IL,Bachelors,Information Sciences
University of Illinois Urbana-Champaign,Urbana, IL,Masters,Information Management
Purdue University,West Lafayette, IN,Bachelors,Computer Engineering
Purdue University,West Lafayette, IN,Masters,Computer and Information Technology
Purdue University,West Lafayette, IN,Bachelors,Software Engineering
Purdue University,West Lafayette, IN,Masters,Computer Graphics Technology
Purdue University,West Lafayette, IN,Masters,Data Science
University of Washington,Seattle, WA,Bachelors,Computer Science
University of Washington,Seattle, WA,Masters,Data Science (MS)
University of Washington,Seattle, WA,Masters,Information Management (MSIM)
University of Washington,Seattle, WA,Bachelors,Informatics
University of Washington,Seattle, WA,Masters,Computational Linguistics
University of Michigan, Ann Arbor,Ann Arbor, MI,Bachelors,Computer Science
University of Michigan, Ann Arbor,Ann Arbor, MI,Masters,Computer Science and Engineering
University of Michigan, Ann Arbor,Ann Arbor, MI,Bachelors,Data Science
University of Michigan, Ann Arbor,Ann Arbor, MI,Masters,Applied Data Science
University of Michigan, Ann Arbor,Ann Arbor, MI,Masters,Robotics (MEng)
Cornell University,Ithaca, NY,Bachelors,Computer Science
Cornell University,Ithaca, NY,Masters,Computer Science
Cornell University,Ithaca, NY,Masters,Information Science
Cornell University,Ithaca, NY,Bachelors,Information Science (Data Science concentration)
Cornell University,Ithaca, NY,Masters,Electrical and Computer Engineering (Software focus)
Columbia University,New York, NY,Bachelors,Computer Science
Columbia University,New York, NY,Masters,Computer Science
Columbia University,New York, NY,Masters,Data Science
Columbia University,New York, NY,Masters,Financial Engineering
Columbia University,New York, NY,Masters,Business Analytics (Technical Track)
University of Texas at Austin,Austin, TX,Bachelors,Computer Science
University of Texas at Austin,Austin, TX,Masters,Software Engineering (M.S.E.)
University of Texas at Austin,Austin, TX,Masters,Information Security and Privacy
University of Texas at Austin,Austin, TX,Bachelors,Computational Engineering
University of Texas at Austin,Austin, TX,Masters,Data Science (MS in CS)
University of Pennsylvania,Philadelphia, PA,Bachelors,Computer Science
University of Pennsylvania,Philadelphia, PA,Masters,Computer and Information Science
University of Pennsylvania,Philadelphia, PA,Masters,Data Science (MSE)
University of Pennsylvania,Philadelphia, PA,Masters,Robotics (MSE)
University of Pennsylvania,Philadelphia, PA,Bachelors,Digital Media Design (DMD)
Princeton University,Princeton, NJ,Bachelors,Computer Science
Princeton University,Princeton, NJ,Masters,Computer Science
Princeton University,Princeton, NJ,Masters,Quantitative and Computational Biology
Harvard University,Cambridge, MA,Bachelors,Computer Science
Harvard University,Cambridge, MA,Masters,Data Science
Harvard University,Cambridge, MA,Masters,Computational Science and Engineering
California Institute of Technology,Pasadena, CA,Bachelors,Computer Science
California Institute of Technology,Pasadena, CA,Masters,Computing and Mathematical Sciences
University of California, Los Angeles,Los Angeles, CA,Bachelors,Computer Science
University of California, Los Angeles,Los Angeles, CA,Masters,Computer Science
University of California, Los Angeles,Los Angeles, CA,Masters,Data Science Engineering
University of California San Diego,La Jolla, CA,Bachelors,Computer Science
University of California San Diego,La Jolla, CA,Masters,Computer Science and Engineering
University of California San Diego,La Jolla, CA,Bachelors,Computer Engineering
Johns Hopkins University,Baltimore, MD,Bachelors,Computer Science
Johns Hopkins University,Baltimore, MD,Masters,Information Security
Johns Hopkins University,Baltimore, MD,Masters,Data Science
Johns Hopkins University,Baltimore, MD,Masters,Robotics (MSE)
Duke University,Durham, NC,Bachelors,Computer Science
Duke University,Durham, NC,Masters,Computer Science
Duke University,Durham, NC,Masters,Interdisciplinary Data Science
New York University,New York, NY,Bachelors,Computer Science
New York University,New York, NY,Masters,Computer Science
New York University,New York, NY,Masters,Cybersecurity
New York University,New York, NY,Masters,Data Science
New York University,New York, NY,Masters,Mechatronics and Robotics Engineering
North Carolina State University,Raleigh, NC,Bachelors,Computer Science
North Carolina State University,Raleigh, NC,Masters,Computer Science
North Carolina State University,Raleigh, NC,Masters,Computer Networking
North Carolina State University,Raleigh, NC,Masters,Data Science and Analytics
Arizona State University,Tempe, AZ,Bachelors,Computer Science
Arizona State University,Tempe, AZ,Masters,Computer Science
Arizona State University,Tempe, AZ,Bachelors,Software Engineering
Arizona State University,Tempe, AZ,Masters,Software Engineering
Arizona State University,Tempe, AZ,Masters,Cybersecurity (MS)
Arizona State University,Tempe, AZ,Masters,Robotics and Autonomous Systems
Virginia Tech,Blacksburg, VA,Bachelors,Computer Science
Virginia Tech,Blacksburg, VA,Masters,Computer Science and Applications
Virginia Tech,Blacksburg, VA,Bachelors,Cybersecurity Management and Analytics
Virginia Tech,Blacksburg, VA,Masters,Business Information Technology
University of Maryland, College Park,College Park, MD,Bachelors,Computer Science
University of Maryland, College Park,College Park, MD,Masters,Cybersecurity
University of Maryland, College Park,College Park, MD,Masters,Data Science and Analytics (MPS)
Ohio State University,Columbus, OH,Bachelors,Computer Science and Engineering
Ohio State University,Columbus, OH,Masters,Computer Science and Engineering
Ohio State University,Columbus, OH,Masters,Data Analytics
Texas A&M University,College Station, TX,Bachelors,Computer Science
Texas A&M University,College Station, TX,Masters,Computer Science
Texas A&M University,College Station, TX,Masters,Data Science (MS)
University of Southern California,Los Angeles, CA,Bachelors,Computer Science
University of Southern California,Los Angeles, CA,Masters,Computer Science (AI)
University of Southern California,Los Angeles, CA,Masters,Cybersecurity (MS)
University of Wisconsin–Madison,Madison, WI,Bachelors,Computer Sciences
University of Wisconsin–Madison,Madison, WI,Masters,Computer Sciences
University of Wisconsin–Madison,Madison, WI,Masters,Data Science
Northeastern University,Boston, MA,Bachelors,Computer Science
Northeastern University,Boston, MA,Masters,Software Engineering Systems
Northeastern University,Boston, MA,Masters,Cybersecurity (MS)
Northeastern University,Boston, MA,Masters,Robotics (MS)
Boston University,Boston, MA,Bachelors,Computer Science
Boston University,Boston, MA,Masters,Computer Science
Boston University,Boston, MA,Masters,Cybersecurity (MET College)
Boston University,Boston, MA,Masters,Robotics & Autonomous Systems
Rochester Institute of Technology,Rochester, NY,Bachelors,Computing and Information Technologies
Rochester Institute of Technology,Rochester, NY,Masters,Computing Security
Rochester Institute of Technology,Rochester, NY,Bachelors,Software Engineering
Rochester Institute of Technology,Rochester, NY,Masters,Software Engineering
Worcester Polytechnic Institute,Worcester, MA,Bachelors,Computer Science
Worcester Polytechnic Institute,Worcester, MA,Masters,Computer Science
Worcester Polytechnic Institute,Worcester, MA,Masters,Data Science
Worcester Polytechnic Institute,Worcester, MA,Masters,Robotics Engineering
Stevens Institute of Technology,Hoboken, NJ,Bachelors,Computer Science
Stevens Institute of Technology,Hoboken, NJ,Masters,Computer Science
Stevens Institute of Technology,Hoboken, NJ,Masters,Cybersecurity
George Mason University,Fairfax, VA,Bachelors,Computer Science
George Mason University,Fairfax, VA,Masters,Data Analytics Engineering
George Mason University,Fairfax, VA,Masters,Cyber Security Engineering
Auburn University,Auburn, AL,Bachelors,Software Engineering
Auburn University,Auburn, AL,Masters,Software Engineering
Auburn University,Auburn, AL,Masters,Data Science and Engineering
Clemson University,Clemson, SC,Bachelors,Computer Science
Clemson University,Clemson, SC,Masters,Computer Science
Clemson University,Clemson, SC,Masters,Human-Centered Computing
Colorado School of Mines,Golden, CO,Bachelors,Computer Science
Colorado School of Mines,Golden, CO,Masters,Computer Science
Colorado School of Mines,Golden, CO,Masters,Data Science (Computational & Applied Mathematics)
Colorado School of Mines,Golden, CO,Masters,Robotics
Drexel University,Philadelphia, PA,Bachelors,Computer Science
Drexel University,Philadelphia, PA,Masters,Software Engineering
Drexel University,Philadelphia, PA,Masters,Cybersecurity
Florida International University,Miami, FL,Bachelors,Information Technology
Florida International University,Miami, FL,Masters,Information Technology
Florida International University,Miami, FL,Masters,Data Science
Florida State University,Tallahassee, FL,Bachelors,Computer Science
Florida State University,Tallahassee, FL,Masters,Information Technology
Florida State University,Tallahassee, FL,Masters,Cybersecurity
Illinois Institute of Technology,Chicago, IL,Bachelors,Computer Science
Illinois Institute of Technology,Chicago, IL,Masters,Data Science
Illinois Institute of Technology,Chicago, IL,Masters,Information Technology and Management
Iowa State University,Ames, IA,Bachelors,Software Engineering
Iowa State University,Ames, IA,Masters,Software Engineering
Iowa State University,Ames, IA,Bachelors,Cybersecurity Engineering
Lehigh University,Bethlehem, PA,Bachelors,Computer Science
Lehigh University,Bethlehem, PA,Masters,Computer Science
Lehigh University,Bethlehem, PA,Masters,Data Science
Michigan State University,East Lansing, MI,Bachelors,Computer Science
Michigan State University,East Lansing, MI,Masters,Computer Science
Michigan State University,East Lansing, MI,Masters,Cybersecurity
New Jersey Institute of Technology,Newark, NJ,Bachelors,Information Technology
New Jersey Institute of Technology,Newark, NJ,Masters,Data Science
New Jersey Institute of Technology,Newark, NJ,Masters,Cybersecurity and Privacy
Oregon State University,Corvallis, OR,Bachelors,Computer Science
Oregon State University,Corvallis, OR,Masters,Computer Science
Oregon State University,Corvallis, OR,Masters,Data Analytics
Rensselaer Polytechnic Institute,Troy, NY,Bachelors,Computer Science
Rensselaer Polytechnic Institute,Troy, NY,Masters,Computer Science
Rensselaer Polytechnic Institute,Troy, NY,Masters,Information Technology
Rutgers University–New Brunswick,New Brunswick, NJ,Bachelors,Computer Science
Rutgers University–New Brunswick,New Brunswick, NJ,Masters,Computer Science
Rutgers University–New Brunswick,New Brunswick, NJ,Masters,Data Science
San Jose State University,San Jose, CA,Bachelors,Software Engineering
San Jose State University,San Jose, CA,Masters,Software Engineering
San Jose State University,San Jose, CA,Bachelors,Computer Engineering
Syracuse University,Syracuse, NY,Bachelors,Computer Science
Syracuse University,Syracuse, NY,Masters,Cybersecurity
Syracuse University,Syracuse, NY,Masters,Information Management
University of Arizona,Tucson, AZ,Bachelors,Computer Science
University of Arizona,Tucson, AZ,Masters,Data Science
University of Arizona,Tucson, AZ,Masters,Information Systems
University of California, Davis,Davis, CA,Bachelors,Computer Science
University of California, Davis,Davis, CA,Masters,Computer Science
University of California, Davis,Davis, CA,Masters,Data Science (MS)
University of California, Irvine,Irvine, CA,Bachelors,Computer Science
University of California, Irvine,Irvine, CA,Masters,Software Engineering
University of California, Irvine,Irvine, CA,Masters,Networked Systems
University of California, Santa Barbara,Santa Barbara, CA,Bachelors,Computer Science
University of California, Santa Barbara,Santa Barbara, CA,Masters,Computer Science
University of California, Santa Cruz,Santa Cruz, CA,Bachelors,Computer Science
University of California, Santa Cruz,Santa Cruz, CA,Masters,Robotics
University of Central Florida,Orlando, FL,Bachelors,Computer Science
University of Central Florida,Orlando, FL,Masters,Data Analytics
University of Central Florida,Orlando, FL,Bachelors,Information Technology
University of Cincinnati,Cincinnati, OH,Bachelors,Computer Science
University of Cincinnati,Cincinnati, OH,Masters,Information Technology
University of Cincinnati,Cincinnati, OH,Masters,Cybersecurity
University of Colorado Boulder,Boulder, CO,Bachelors,Computer Science
University of Colorado Boulder,Boulder, CO,Masters,Computer Science
University of Colorado Boulder,Boulder, CO,Masters,Data Science
University of Florida,Gainesville, FL,Bachelors,Computer Science
University of Florida,Gainesville, FL,Masters,Computer Science
University of Florida,Gainesville, FL,Masters,Data Science and Operations Research
University of Houston,Houston, TX,Bachelors,Computer Science
University of Houston,Houston, TX,Masters,Computer Science
University of Houston,Houston, TX,Masters,Data Science
University of Iowa,Iowa City, IA,Bachelors,Computer Science
University of Iowa,Iowa City, IA,Masters,Computer Science
University of Massachusetts Amherst,Amherst, MA,Bachelors,Computer Science
University of Massachusetts Amherst,Amherst, MA,Masters,Computer Science
University of Minnesota, Twin Cities,Minneapolis, MN,Bachelors,Computer Science
University of Minnesota, Twin Cities,Masters,Computer Science
University of Notre Dame,Notre Dame, IN,Bachelors,Computer Science
University of Notre Dame,Notre Dame, IN,Masters,Computer Science and Engineering
University of Rochester,Rochester, NY,Bachelors,Computer Science
University of Rochester,Rochester, NY,Masters,Computer Science
University of South Florida,Tampa, FL,Bachelors,Information Technology
University of South Florida,Tampa, FL,Masters,Cybersecurity
University of Utah,Salt Lake City, UT,Bachelors,Computer Science
University of Utah,Salt Lake City, UT,Masters,Computer Science
University of Utah,Salt Lake City, UT,Masters,Data Science
Vanderbilt University,Nashville, TN,Bachelors,Computer Science
Vanderbilt University,Nashville, TN,Masters,Computer Science
Vanderbilt University,Nashville, TN,Masters,Data Science
Washington University in St. Louis,St. Louis, MO,Bachelors,Computer Science
Washington University in St. Louis,St. Louis, MO,Masters,Computer Science
Washington University in St. Louis,St. Louis, MO,Masters,Data Analytics
Case Western Reserve University,Cleveland, OH,Bachelors,Computer Science
Case Western Reserve University,Cleveland, OH,Masters,Computer Science
Case Western Reserve University,Cleveland, OH,Masters,Data Science
Rochester Institute of Technology,Rochester, NY,Bachelors,Game Design and Development
Rochester Institute of Technology,Rochester, NY,Masters,Game Design and Development
Rochester Institute of Technology,Rochester, NY,Masters,Computing Security
Rochester Institute of Technology,Rochester, NY,Bachelors,Web and Mobile Computing
Rochester Institute of Technology,Rochester, NY,Masters,Human-Computer Interaction
Worcester Polytechnic Institute,Worcester, MA,Bachelors,Robotics Engineering
Worcester Polytechnic Institute,Worcester, MA,Masters,Robotics Engineering
Worcester Polytechnic Institute,Worcester, MA,Masters,Data Science
Worcester Polytechnic Institute,Worcester, MA,Bachelors,Bioinformatics and Computational Biology
Worcester Polytechnic Institute,Worcester, MA,Masters,Cybersecurity
Stevens Institute of Technology,Hoboken, NJ,Bachelors,Computer Engineering
Stevens Institute of Technology,Hoboken, NJ,Masters,Software Engineering
Stevens Institute of Technology,Hoboken, NJ,Masters,Financial Engineering (Computational)
Stevens Institute of Technology,Hoboken, NJ,Bachelors,Cybersecurity
Stevens Institute of Technology,Hoboken, NJ,Masters,Data Science
George Mason University,Fairfax, VA,Bachelors,Applied Computer Science
George Mason University,Fairfax, VA,Masters,Applied Information Technology
George Mason University,Fairfax, VA,Masters,Computational and Data Sciences
George Mason University,Fairfax, VA,Bachelors,Information Systems and Operations Management
George Mason University,Fairfax, VA,Masters,Digital Forensics and Cyber Analysis
Florida International University,Miami, FL,Bachelors,Information Systems
Florida International University,Miami, FL,Masters,Information Systems
Florida International University,Miami, FL,Masters,Cybersecurity
Florida International University,Miami, FL,Bachelors,Computer Engineering
Florida International University,Miami, FL,Masters,Computer Engineering
Florida State University,Tallahassee, FL,Bachelors,Information Technology
Florida State University,Tallahassee, FL,Masters,Information Technology
Florida State University,Tallahassee, FL,Masters,Cybersecurity
Florida State University,Tallahassee, FL,Bachelors,Computer Science (Computational Science)
Florida State University,Tallahassee, FL,Masters,Computer Science (Software Engineering)
Illinois Institute of Technology,Chicago, IL,Bachelors,Computer Science
Illinois Institute of Technology,Chicago, IL,Masters,Artificial Intelligence
Illinois Institute of Technology,Chicago, IL,Masters,Information Technology and Management
Illinois Institute of Technology,Chicago, IL,Bachelors,Information Technology and Management
Illinois Institute of Technology,Chicago, IL,Masters,Cybersecurity Engineering
Iowa State University,Ames, IA,Bachelors,Cybersecurity Engineering
Iowa State University,Ames, IA,Masters,Cybersecurity
Iowa State University,Ames, IA,Bachelors,Computer Engineering
Iowa State University,Ames, IA,Masters,Human Computer Interaction
Iowa State University,Ames, IA,Masters,Data Science
Lehigh University,Bethlehem, PA,Bachelors,Computer Science and Business
Lehigh University,Bethlehem, PA,Masters,Computer Science and Engineering
Lehigh University,Bethlehem, PA,Masters,Financial Technology (FinTech)
Lehigh University,Bethlehem, PA,Bachelors,Integrated Business and Engineering (Computer Science)
Michigan State University,East Lansing, MI,Bachelors,Information Technology
Michigan State University,East Lansing, MI,Masters,Information Technology
Michigan State University,East Lansing, MI,Masters,Data Science
Michigan State University,East Lansing, MI,Bachelors,Computer Engineering
Michigan State University,East Lansing, MI,Masters,Computer Engineering
New Jersey Institute of Technology,Newark, NJ,Bachelors,Information Technology
New Jersey Institute of Technology,Newark, NJ,Masters,Information Technology
New Jersey Institute of Technology,Newark, NJ,Masters,Cybersecurity and Privacy
New Jersey Institute of Technology,Newark, NJ,Bachelors,Cyberpsychology
New Jersey Institute of Technology,Newark, NJ,Masters,Data Science
Oregon State University,Corvallis, OR,Bachelors,Computer Science (Post-Baccalaureate)
Oregon State University,Corvallis, OR,Masters,Computer Science (Online)
Oregon State University,Corvallis, OR,Masters,Data Science
Oregon State University,Corvallis, OR,Bachelors,Software Engineering
Oregon State University,Corvallis, OR,Masters,Robotics
Rensselaer Polytechnic Institute,Troy, NY,Bachelors,Computer and Systems Engineering
Rensselaer Polytechnic Institute,Troy, NY,Masters,Computer and Systems Engineering
Rensselaer Polytechnic Institute,Troy, NY,Masters,Data Science
Rensselaer Polytechnic Institute,Troy, NY,Bachelors,Information Technology
Rensselaer Polytechnic Institute,Troy, NY,Masters,Computer Science (AI/ML)
Rutgers University–New Brunswick,New Brunswick, NJ,Bachelors,Information Technology and Informatics
Rutgers University–New Brunswick,New Brunswick, NJ,Masters,Information Technology and Informatics
Rutgers University–New Brunswick,New Brunswick, NJ,Masters,Information Systems
Rutgers University–New Brunswick,New Brunswick, NJ,Bachelors,Computer Engineering
Rutgers University–New Brunswick,New Brunswick, NJ,Masters,Computer Engineering
San Jose State University,San Jose, CA,Bachelors,Software Engineering
San Jose State University,San Jose, CA,Masters,Software Engineering
San Jose State University,San Jose, CA,Bachelors,Computer Engineering
San Jose State University,San Jose, CA,Masters,Cybersecurity
San Jose State University,San Jose, CA,Masters,Data Science
Syracuse University,Syracuse, NY,Bachelors,Information Management and Technology
Syracuse University,Syracuse, NY,Masters,Information Management
Syracuse University,Syracuse, NY,Masters,Cybersecurity
Syracuse University,Syracuse, NY,Bachelors,Applied Data Science
Syracuse University,Syracuse, NY,Masters,Business Analytics (IT Focus)
University of Arizona,Tucson, AZ,Bachelors,Information Science and Technology
University of Arizona,Tucson, AZ,Masters,Information Science
University of Arizona,Tucson, AZ,Masters,Cybersecurity
University of Arizona,Tucson, AZ,Bachelors,Computer Engineering
University of Arizona,Tucson, AZ,Masters,Computer Engineering
University of California, Davis,Davis, CA,Bachelors,Computer Science and Engineering
University of California, Davis,Davis, CA,Masters,Computer Science and Engineering
University of California, Davis,Davis, CA,Masters,Data Science (Master of Professional Science)
University of California, Davis,Davis, CA,Bachelors,Data Science
University of California, Davis,Davis, CA,Masters,Machine Learning (MS in CS)
University of California, Irvine,Irvine, CA,Bachelors,Software Engineering
University of California, Irvine,Irvine, CA,Masters,Software Engineering
University of California, Irvine,Irvine, CA,Masters,Computer Game Science (MS)
University of California, Irvine,Irvine, CA,Bachelors,Computer Game Science
University of California, Irvine,Irvine, CA,Masters,Embedded Systems
University of California, Santa Barbara,Santa Barbara, CA,Bachelors,Computer Engineering
University of California, Santa Barbara,Santa Barbara, CA,Masters,Computer Engineering
University of California, Santa Barbara,Santa Barbara, CA,Masters,Media Arts and Technology (Computational)
University of California, Santa Cruz,Santa Cruz, CA,Bachelors,Computer Science: Game Design
University of California, Santa Cruz,Santa Cruz, CA,Masters,Computer Science: Games
University of California, Santa Cruz,Santa Cruz, CA,Masters,Natural Language Processing
University of Central Florida,Orlando, FL,Bachelors,Information Technology
University of Central Florida,Orlando, FL,Masters,Data Analytics
University of Central Florida,Orlando, FL,Bachelors,Information Systems
University of Central Florida,Orlando, FL,Masters,Digital Forensics
University of Central Florida,Orlando, FL,Masters,Modeling and Simulation
University of Cincinnati,Cincinnati, OH,Bachelors,Information Technology
University of Cincinnati,Cincinnati, OH,Masters,Information Technology
University of Cincinnati,Cincinnati, OH,Masters,Cybersecurity
University of Cincinnati,Cincinnati, OH,Bachelors,Computer Engineering
University of Cincinnati,Cincinnati, OH,Masters,Computer Engineering
University of Colorado Boulder,Boulder, CO,Bachelors,Computer Science (AI Concentration)
University of Colorado Boulder,Boulder, CO,Masters,Computer Science (AI Concentration)
University of Colorado Boulder,Boulder, CO,Masters,Human Language Technology
University of Colorado Boulder,Boulder, CO,Bachelors,Creative Technology and Design
University of Colorado Boulder,Boulder, CO,Masters,Computational Linguistics
University of Florida,Gainesville, FL,Bachelors,Computer Engineering
University of Florida,Gainesville, FL,Masters,Computer Engineering
University of Florida,Gainesville, FL,Masters,Information Systems and Operations Management
University of Florida,Gainesville, FL,Bachelors,Digital Arts and Sciences (Computational)
University of Florida,Gainesville, FL,Masters,Bioinformatics
University of Houston,Houston, TX,Bachelors,Computer Information Systems
University of Houston,Houston, TX,Masters,Computer Information Systems
University of Houston,Houston, TX,Masters,Data Analytics
University of Houston,Houston, TX,Bachelors,Digital Media (Computational focus)
University of Houston,Houston, TX,Masters,Cybersecurity (MS in MIS)
University of Iowa,Iowa City, IA,Bachelors,Computer Science and Engineering
University of Iowa,Iowa City, IA,Masters,Computer Science and Engineering
University of Iowa,Iowa City, IA,Masters,Business Analytics (IT/Data focus)
University of Massachusetts Amherst,Amherst, MA,Bachelors,Computer Systems Engineering
University of Massachusetts Amherst,Amherst, MA,Masters,Computer Systems Engineering
University of Massachusetts Amherst,Amherst, MA,Masters,Data Science
University of Minnesota, Twin Cities,Minneapolis, MN,Bachelors,Computer Engineering
University of Minnesota, Twin Cities,Masters,Computer Engineering
University of Minnesota, Twin Cities,Masters,Data Science
University of Minnesota, Twin Cities,Bachelors,Information Technology Infrastructure
University of Minnesota, Twin Cities,Masters,Software Engineering (MSE)
University of Notre Dame,Notre Dame, IN,Bachelors,Computer Engineering
University of Notre Dame,Notre Dame, IN,Masters,Computer Engineering
University of Notre Dame,Notre Dame, IN,Masters,Data Science
University of Rochester,Rochester, NY,Bachelors,Computer Engineering
University of Rochester,Rochester, NY,Masters,Computer Engineering
University of Rochester,Rochester, NY,Masters,Artificial Intelligence
University of South Florida,Tampa, FL,Bachelors,Cybersecurity
University of South Florida,Tampa, FL,Masters,Cybersecurity
University of South Florida,Tampa, FL,Masters,Information Technology (MS)
University of South Florida,Tampa, FL,Bachelors,Computer Engineering
University of Utah,Salt Lake City, UT,Bachelors,Computer Engineering
University of Utah,Salt Lake City, UT,Masters,Computer Engineering
University of Utah,Salt Lake City, UT,Masters,Scientific Computing
Vanderbilt University,Nashville, TN,Bachelors,Computer Engineering
Vanderbilt University,Nashville, TN,Masters,Computer Engineering
Vanderbilt University,Nashville, TN,Masters,Data Science (MS)
Washington University in St. Louis,St. Louis, MO,Bachelors,Computer Engineering
Washington University in St. Louis,St. Louis, MO,Masters,Computer Engineering
Washington University in St. Louis,St. Louis, MO,Masters,Cybersecurity (M.S.)
Case Western Reserve University,Cleveland, OH,Bachelors,Computer Engineering
Case Western Reserve University,Cleveland, OH,Masters,Computer Engineering
Case Western Reserve University,Cleveland, OH,Masters,Biomedical Engineering (Computational)
Lehigh University,Bethlehem, PA,Bachelors,Computer Engineering
Lehigh University,Bethlehem, PA,Masters,Computer Engineering
Lehigh University,Bethlehem, PA,Masters,Data Analytics (MS)
Clemson University,Clemson, SC,Bachelors,Computer Engineering
Clemson University,Clemson, SC,Masters,Computer Engineering
Clemson University,Clemson, SC,Masters,Digital Production Arts (Computational focus)
University of Houston,Houston, TX,Bachelors,Computer Engineering
University of Houston,Houston, TX,Masters,Computer Engineering
University of Houston,Houston, TX,Masters,Computational Sciences
Florida State University,Tallahassee, FL,Bachelors,Computer Engineering
Florida State University,Tallahassee, FL,Masters,Computer Engineering
Florida State University,Tallahassee, FL,Masters,Computational Science
University of Florida,Gainesville, FL,Bachelors,Computer Engineering
University of Florida,Gainesville, FL,Masters,Computer Engineering
University of Florida,Gainesville, FL,Masters,Applied Data Science (MS)
University of Alabama, Tuscaloosa,Tuscaloosa, AL,Bachelors,Computer Science
University of Alabama, Tuscaloosa,Tuscaloosa, AL,Masters,Computer Science
University of Alabama, Tuscaloosa,Tuscaloosa, AL,Masters,Cybersecurity
University of Alabama at Birmingham,Birmingham, AL,Bachelors,Computer Science
University of Alabama at Birmingham,Birmingham, AL,Masters,Computer Science
University of Alabama at Birmingham,Birmingham, AL,Masters,Data Science
University of Alabama in Huntsville,Huntsville, AL,Bachelors,Computer Science
University of Alabama in Huntsville,Huntsville, AL,Masters,Computer Science
University of Alabama in Huntsville,Huntsville, AL,Masters,Cybersecurity
University of Arkansas,Fayetteville, AR,Bachelors,Computer Science
University of Arkansas,Fayetteville, AR,Masters,Computer Science
University of Arkansas,Fayetteville, AR,Masters,Data Science
University of Connecticut,Storrs, CT,Bachelors,Computer Science
University of Connecticut,Storrs, CT,Masters,Computer Science
University of Connecticut,Storrs, CT,Masters,Data Science
University of Delaware,Newark, DE,Bachelors,Computer Science
University of Delaware,Newark, DE,Masters,Computer Science
University of Delaware,Newark, DE,Masters,Cybersecurity
University of Denver,Denver, CO,Bachelors,Computer Science
University of Denver,Denver, CO,Masters,Computer Science
University of Denver,Denver, CO,Masters,Data Science
University of Georgia,Athens, GA,Bachelors,Computer Science
University of Georgia,Athens, GA,Masters,Computer Science
University of Georgia,Athens, GA,Masters,Bioinformatics
University of Kansas,Lawrence, KS,Bachelors,Computer Science
University of Kansas,Lawrence, KS,Masters,Computer Science
University of Kansas,Lawrence, KS,Masters,Data Science
University of Missouri, Columbia,Columbia, MO,Bachelors,Computer Science
University of Missouri, Columbia,Columbia, MO,Masters,Computer Science
University of Missouri, Columbia,Columbia, MO,Masters,Data Science
University of Nebraska–Lincoln,Lincoln, NE,Bachelors,Computer Science
University of Nebraska–Lincoln,Lincoln, NE,Masters,Computer Science
University of Nebraska–Lincoln,Lincoln, NE,Masters,Cybersecurity
University of New Hampshire,Durham, NH,Bachelors,Computer Science
University of New Hampshire,Durham, NH,Masters,Computer Science
University of New Hampshire,Durham, NH,Masters,Data Science
University of North Carolina at Chapel Hill,Chapel Hill, NC,Bachelors,Computer Science
University of North Carolina at Chapel Hill,Chapel Hill, NC,Masters,Computer Science
University of North Carolina at Chapel Hill,Chapel Hill, NC,Masters,Information Science
University of Arizona,Tucson, AZ,Bachelors,Information Science and Arts (Computational focus)
University of Arizona,Tucson, AZ,Masters,Information Science (Data Analytics)
Rose-Hulman Institute of Technology,Terre Haute, IN,Bachelors,Computer Science
Rose-Hulman Institute of Technology,Terre Haute, IN,Masters,Computer Science
Rose-Hulman Institute of Technology,Terre Haute, IN,Bachelors,Software Engineering
Rose-Hulman Institute of Technology,Terre Haute, IN,Masters,Software Engineering
South Dakota School of Mines and Technology,Rapid City, SD,Bachelors,Computer Science
South Dakota School of Mines and Technology,Rapid City, SD,Masters,Computer Science
South Dakota School of Mines and Technology,Rapid City, SD,Bachelors,Computer Engineering
South Dakota School of Mines and Technology,Rapid City, SD,Masters,Data Science
New Mexico Institute of Mining and Technology,Socorro, NM,Bachelors,Computer Science
New Mexico Institute of Mining and Technology,Socorro, NM,Masters,Computer Science
New Mexico Institute of Mining and Technology,Socorro, NM,Masters,Cybersecurity
New Mexico Institute of Mining and Technology,Socorro, NM,Bachelors,Information Technology
University of California, Santa Cruz,Santa Cruz, CA,Bachelors,Computer Science: Game Design
University of California, Santa Cruz,Santa Cruz, CA,Masters,Computer Science: Games
University of California, Santa Cruz,Santa Cruz, CA,Masters,Natural Language Processing
University of California, Santa Cruz,Santa Cruz, CA,Bachelors,Robotics Engineering
University of California, Santa Cruz,Santa Cruz, CA,Masters,Scientific Computing and Applied Mathematics
Olin College of Engineering,Needham, MA,Bachelors,Computer Science
Olin College of Engineering,Needham, MA,Bachelors,Engineering with Computing
Bryn Mawr College,Bryn Mawr, PA,Bachelors,Computer Science
Bryn Mawr College,Bryn Mawr, PA,Masters,Data Science (Post-Baccalaureate)
University of Texas at Dallas,Richardson, TX,Bachelors,Software Engineering
University of Texas at Dallas,Richardson, TX,Masters,Software Engineering
University of Texas at Dallas,Richardson, TX,Masters,Data Science
University of Texas at Dallas,Richardson, TX,Bachelors,Computer Engineering
University of Texas at Dallas,Richardson, TX,Masters,Cybersecurity
Berea College,Berea, KY,Bachelors,Computer Science
Berea College,Berea, KY,Bachelors,Information Systems
Drew University,Madison, NJ,Bachelors,Computer Science
Drew University,Madison, NJ,Masters,Data Analytics
Drew University,Madison, NJ,Masters,Computational Finance
Missouri University of Science and Technology,Rolla, MO,Bachelors,Computer Engineering
Missouri University of Science and Technology,Rolla, MO,Masters,Computer Engineering
Missouri University of Science and Technology,Rolla, MO,Masters,Data Science and Engineering
Missouri University of Science and Technology,Rolla, MO,Bachelors,Information Science and Technology
Missouri University of Science and Technology,Rolla, MO,Masters,Information Science and Technology
San Jose State University,San Jose, CA,Bachelors,Computer Engineering
San Jose State University,San Jose, CA,Masters,Computer Engineering
San Jose State University,San Jose, CA,Masters,Data Science
San Jose State University,San Jose, CA,Bachelors,Software Engineering
San Jose State University,San Jose, CA,Masters,Software Engineering
University of Massachusetts Amherst,Amherst, MA,Bachelors,Computer Systems Engineering
University of Massachusetts Amherst,Amherst, MA,Masters,Computer Systems Engineering
University of Massachusetts Amherst,Amherst, MA,Masters,Computational Social Science
University of Massachusetts Amherst,Amherst, MA,Bachelors,Informatics (Human-Centered Computing)
University of Massachusetts Amherst,Amherst, MA,Masters,Bioinformatics
University of Utah,Salt Lake City, UT,Bachelors,Computer Engineering
University of Utah,Salt Lake City, UT,Masters,Computer Engineering
University of Utah,Salt Lake City, UT,Masters,Scientific Computing
University of Utah,Salt Lake City, UT,Bachelors,Games (Entertainment Arts and Engineering)
University of Utah,Salt Lake City, UT,Masters,Games (Entertainment Arts and Engineering)
University of Illinois Springfield,Springfield, IL,Masters,Cybersecurity (Online)
University of Illinois Springfield,Springfield, IL,Masters,Management Information Systems (Online)
University of Central Missouri,Warrensburg, MO,Masters,Cybersecurity (Online)
University of Central Missouri,Warrensburg, MO,Masters,Computer Information Systems and Analytics (Online)
Capitol Technology University,Laurel, MD,Bachelors,Cybersecurity
Capitol Technology University,Laurel, MD,Masters,Cybersecurity (Online)
Capitol Technology University,Laurel, MD,Masters,Data Science (Online)
Capitol Technology University,Laurel, MD,Bachelors,Information Technology
Grand Canyon University,Phoenix, AZ,Masters,Cybersecurity (Online)
Grand Canyon University,Phoenix, AZ,Bachelors,Computer Science (Emphasis in Cybersecurity)
University of West Florida,Pensacola, FL,Masters,Cybersecurity (Online)
University of West Florida,Pensacola, FL,Bachelors,Cybersecurity
University of Tulsa,Tulsa, OK,Masters,Cybersecurity (Online)
University of Tulsa,Tulsa, OK,Bachelors,Computer Science (Cybersecurity)
University of Dallas,Irving, TX,Masters,Cybersecurity (Online)
University of Dallas,Irving, TX,Masters,Business Analytics (Data Science)
University of San Diego,San Diego, CA,Masters,Cyber Security Engineering (Online)
University of San Diego,San Diego, CA,Masters,Data Science (Online)
University of Massachusetts Lowell,Lowell, MA,Masters,Security Studies, Cybersecurity (Online)
University of Massachusetts Lowell,Lowell, MA,Bachelors,Computer Science (Cybersecurity option)
University of Massachusetts Lowell,Lowell, MA,Masters,Data Science (Online)
Kennesaw State University,Kennesaw, GA,Masters,Information Technology (Cybersecurity Concentration)
Kennesaw State University,Kennesaw, GA,Bachelors,Cybersecurity
Saint Leo University,Saint Leo, FL,Masters,Cybersecurity (Online)
Saint Leo University,Saint Leo, FL,Bachelors,Cybersecurity
American Military University,Charles Town, WV,Masters,Cybersecurity Studies (Online)
American Military University,Charles Town, WV,Bachelors,Cybersecurity
Bay Path University,Longmeadow, MA,Masters,Cybersecurity Management (Online)
Bellevue University,Bellevue, NE,Masters,Cybersecurity (Online)
Boise State University,Boise, ID,Masters,Cybersecurity (Online)
Boise State University,Boise, ID,Bachelors,Cybersecurity
Full Sail University,Winter Park, FL,Bachelors,Game Design
Full Sail University,Winter Park, FL,Masters,Game Design
Full Sail University,Winter Park, FL,Bachelors,Simulation & Visualization
Full Sail University,Winter Park, FL,Masters,Game Production
DigiPen Institute of Technology,Redmond, WA,Bachelors,Computer Science in Real-Time Interactive Simulation
DigiPen Institute of Technology,Redmond, WA,Masters,Computer Science
DigiPen Institute of Technology,Redmond, WA,Bachelors,Game Design
University of Advancing Technology,Tempe, AZ,Bachelors,Game Design
University of Advancing Technology,Tempe, AZ,Masters,Game Design
University of Advancing Technology,Tempe, AZ,Bachelors,Cybersecurity
University of Advancing Technology,Tempe, AZ,Masters,Cybersecurity
Becker College,Worcester, MA,Bachelors,Game Design
Becker College,Worcester, MA,Bachelors,Computer Science (Game Programming)
Felician University,Rutherford, NJ,Bachelors,Gaming and Interactive Media
Drury University,Springfield, MO,Bachelors,Computer Science: Game Development
Anderson University,Anderson, SC,Bachelors,Game Development
Anderson University,Anderson, SC,Masters,Game Design and Animation
Wilmington University,New Castle, DE,Bachelors,Game Design and Development
Wilmington University,New Castle, DE,Masters,Game Design and Development
DePaul University,Chicago, IL,Bachelors,Game Design
DePaul University,Chicago, IL,Masters,Game Programming
DePaul University,Chicago, IL,Masters,Software Engineering: Real-Time Game Systems
Indiana University, Bloomington,Bloomington, IN,Bachelors,Game Design
Indiana University, Bloomington,Bloomington, IN,Masters,Game Design
Indiana University, Bloomington,Bloomington, IN,Masters,Human Computer Interaction (HCI)
Grand View University,Des Moines, IA,Bachelors,Game Design and Interactive Analysis
University of Louisiana at Lafayette,Lafayette, LA,Bachelors,Computer Science (Video Game Design and Development)
Webster University,Webster Groves, MO,Bachelors,Games and Game Design
Webster University,Webster Groves, MO,Masters,Data Analytics (Online)
NYU Tisch School of the Arts,New York, NY,Bachelors,Game Design (BFA)
SUNY Canton,Canton, NY,Bachelors,Game Design and Development
Southeast Missouri State University,Cape Girardeau, MO,Bachelors,Computer Science (Game Design)
University of Silicon Valley (formerly Cogswell),San Jose, CA,Bachelors,Game Design Art
University of Silicon Valley (formerly Cogswell),San Jose, CA,Masters,Game Design Art
LeTourneau University,Longview, TX,Bachelors,Computer Science (Game Design)
Post University,Waterbury, CT,Bachelors,Computer Information Systems (Game Design)
Fisher College,Boston, MA,Bachelors,Video Game Design and Development
University of Illinois Chicago,Chicago, IL,Masters,Bioinformatics
University of Illinois Chicago,Chicago, IL,Masters,Health Informatics
University of Illinois Chicago,Chicago, IL,Bachelors,Computer Science (Bioinformatics)
Brandeis University,Waltham, MA,Masters,Bioinformatics
Brandeis University,Waltham, MA,Bachelors,Computer Science (Bioinformatics concentration)
University of Idaho,Moscow, ID,Masters,Bioinformatics & Computational Biology
University of Idaho,Moscow, ID,Bachelors,Bioinformatics and Computational Biology
University of Minnesota, Twin Cities,Minneapolis, MN,Masters,Bioinformatics and Computational Biology
University of Minnesota, Twin Cities,Bachelors,Bioinformatics
IU Indianapolis,Indianapolis, IN,Masters,Bioinformatics
IU Indianapolis,Indianapolis, IN,Bachelors,Bioinformatics
The George Washington University,Washington, D.C.,Masters,Bioinformatics
The George Washington University,Washington, D.C.,Bachelors,Biomedical Engineering (Computational)
Virginia Commonwealth University,Richmond, VA,Masters,Bioinformatics
University of North Carolina at Charlotte,Charlotte, NC,Masters,Bioinformatics
University at Buffalo (SUNY),Buffalo, NY,Masters,Bioinformatics and Biostatistics
University at Buffalo (SUNY),Buffalo, NY,Bachelors,Bioinformatics
University of Texas at El Paso,El Paso, TX,Masters,Bioinformatics
University of Texas at El Paso,El Paso, TX,Bachelors,Computational Science
UTHealth Houston,Houston, TX,Masters,Biomedical Informatics
Saint Joseph's University,Philadelphia, PA,Masters,Bioinformatics (Online)
University of Pittsburgh,Pittsburgh, PA,Masters,Biomedical Informatics
University of Pittsburgh,Pittsburgh, PA,Bachelors,Bioinformatics
Rowan University,Glassboro, NJ,Masters,Bioinformatics
University of Memphis,Memphis, TN,Masters,Data Science
University of Memphis,Memphis, TN,Bachelors,Computer Science (Data Science)
University of Missouri-Kansas City,Kansas City, MO,Masters,Bioinformatics
University of Missouri-Kansas City,Kansas City, MO,Bachelors,Computer Science (Bioinformatics)
Grand Valley State University,Allendale, MI,Masters,Data Science and Analytics
Grand Valley State University,Allendale, MI,Bachelors,Computer Science (Data Science emphasis)
Saint Louis University,St. Louis, MO,Masters,Bioinformatics and Computational Biology
Saint Louis University,St. Louis, MO,Masters,Analytics
California State University Channel Islands,Camarillo, CA,Bachelors,Computer Science (Emphasis in Data Science)
Morgan State University,Baltimore, MD,Masters,Bioinformatics
Morgan State University,Baltimore, MD,Bachelors,Computer Science (Bioinformatics Concentration)
Pennsylvania State University, University Park,University Park, PA,Masters,Bioinformatics
Pennsylvania State University, University Park,University Park, PA,Bachelors,Bioinformatics
University of Arkansas at Little Rock,Little Rock, AR,Masters,Bioinformatics
Lewis University,Romeoville, IL,Masters,Data Science
Lewis University,Romeoville, IL,Bachelors,Data Science
Lewis University,Romeoville, IL,Masters,Cybersecurity (Online)
College of Charleston,Charleston, SC,Bachelors,Data Science
College of Charleston,Charleston, SC,Masters,Data Science
Colorado State University,Fort Collins, CO,Bachelors,Computer Science (Data Science)
Colorado State University,Fort Collins, CO,Masters,Data Science
Daemen College,Amherst, NY,Bachelors,Data Analytics
Delaware State University,Dover, DE,Bachelors,Computer Science (Data Science Concentration)
DePaul University,Chicago, IL,Masters,Predictive Analytics
DePaul University,Chicago, IL,Bachelors,Data Science
Denison University,Granville, OH,Bachelors,Data Analytics
Liberty University,Lynchburg, VA,Masters,Cybersecurity (Online)
Liberty University,Lynchburg, VA,Bachelors,Cybersecurity
Webster University,St. Louis, MO,Masters,Data Analytics (Online)
Webster University,St. Louis, MO,Bachelors,Cybersecurity
Mississippi State University,Starkville, MS,Masters,Cybersecurity (Online)
Mississippi State University,Starkville, MS,Bachelors,Cybersecurity
Southern Methodist University,Dallas, TX,Masters,Cybersecurity (Online)
Southern Methodist University,Dallas, TX,Masters,Data Science (Online)
University of Nevada-Reno,Reno, NV,Masters,Statistics and Data Science
University of Nevada-Reno,Reno, NV,Bachelors,Computer Science (Data Science)
University of Southern Maine,Portland, ME,Masters,Cybersecurity (Online)
University of Southern Maine,Portland, ME,Bachelors,Cybersecurity
Auburn University,Auburn, AL,Masters,Data Science and Engineering
Auburn University,Auburn, AL,Bachelors,Data Science
Auburn University,Auburn, AL,Masters,Cybersecurity Management
Bay Path University,Longmeadow, MA,Bachelors,Cybersecurity
Bellevue University,Bellevue, NE,Bachelors,Cybersecurity
Boise State University,Boise, ID,Bachelors,Information Technology (Cybersecurity emphasis)
Charleston Southern University,Charleston, SC,Masters,Analytics
Charleston Southern University,Charleston, SC,Bachelors,Computer Science (Data Analytics)
Clarkson University,Potsdam, NY,Masters,Data Analytics
Clarkson University,Potsdam, NY,Bachelors,Data Science
College of Mount Saint Vincent,Riverdale, NY,Bachelors,Computer Information Systems (Data Science)
Concordia College,Moorhead, MN,Bachelors,Computer Science (Data Science)
Daytona State College,Daytona Beach, FL,Bachelors,Information Technology (Cybersecurity)
East Carolina University,Greenville, NC,Masters,Data Science
East Carolina University,Greenville, NC,Bachelors,Computer Science (Data Science)
Florida Atlantic University,Boca Raton, FL,Masters,Data Science and Analytics
Florida Atlantic University,Boca Raton, FL,Bachelors,Computer Science (Data Science)
Montana State University,Bozeman, MT,Masters,Data Science
Montana State University,Bozeman, MT,Bachelors,Computer Science (Data Science Option)
National University,La Jolla, CA,Masters,Data Analytics (Online)
National University,La Jolla, CA,Bachelors,Cybersecurity (Online)
New York Institute of Technology,Old Westbury, NY,Masters,Data Science
New York Institute of Technology,Old Westbury, NY,Bachelors,Computer Science (Data Science)
Northern Illinois University,DeKalb, IL,Masters,Computer Science – Data Analytics
Northern Illinois University,DeKalb, IL,Bachelors,Computer Science (Data Analytics)
Northwest Missouri State University,Maryville, MO,Masters,Data Analytics (Online)
Northwest Missouri State University,Maryville, MO,Bachelors,Computer Science (Data Science)
Pace University,New York, NY,Masters,Data Science
Pace University,New York, NY,Bachelors,Information Technology (Data Analytics)
Robert Morris University,Moon Township, PA,Masters,Data Analytics
Robert Morris University,Moon Township, PA,Bachelors,Computer Information Systems (Data Analytics)
Roosevelt University,Chicago, IL,Masters,Data Science
Roosevelt University,Chicago, IL,Bachelors,Computer Science (Data Science)
Saint Joseph's University,Philadelphia, PA,Masters,Business Intelligence and Analytics
Saint Joseph's University,Philadelphia, PA,Bachelors,Business Intelligence and Analytics
Simmons University,Boston, MA,Masters,Library and Information Science (Data Science)
Simmons University,Boston, MA,Bachelors,Computer Science (Data Science)
South Dakota State University,Brookings, SD,Masters,Data Science
South Dakota State University,Brookings, SD,Bachelors,Computer Science (Data Science Specialization)
Stephen F. Austin State University,Nacogdoches, TX,Bachelors,Computer Science (Data Science)
Suffolk University,Boston, MA,Masters,Business Analytics (Data Science)
Suffolk University,Boston, MA,Bachelors,Computer Science (Data Science)
Tennessee Technological University,Cookeville, TN,Masters,Computer Science (Data Science)
Tennessee Technological University,Cookeville, TN,Bachelors,Computer Science (Data Science)
Texas Woman's University,Denton, TX,Masters,Data Science
Texas Woman's University,Denton, TX,Bachelors,Computer Science (Data Science)
The State University of New York at Albany,Albany, NY,Masters,Data Science
The State University of New York at Albany,Albany, NY,Bachelors,Computer Science (Data Science)
Tufts University,Medford, MA,Masters,Data Science
Tufts University,Medford, MA,Bachelors,Data Science
University of Baltimore,Baltimore, MD,Masters,Data Science
University of Baltimore,Baltimore, MD,Bachelors,Simulation and Digital Entertainment (Computational)
University of Houston–Downtown,Houston, TX,Bachelors,Data Science
University of Houston–Downtown,Houston, TX,Masters,Data Analytics
University of New England,Biddeford, ME,Bachelors,Data Science
University of New England,Biddeford, ME,Masters,Applied Data Science
University of North Dakota,Grand Forks, ND,Bachelors,Computer Science (Data Science)
University of North Dakota,Grand Forks, ND,Masters,Data Science
University of Rhode Island,Kingston, RI,Bachelors,Computer Science (Data Science)
University of Rhode Island,Kingston, RI,Masters,Data Science
University of Saint Joseph,West Hartford, CT,Bachelors,Computer Science (Data Science)
University of Saint Joseph,West Hartford, CT,Masters,Data Science
University of St. Thomas (Minnesota),Saint Paul, MN,Bachelors,Computer Science (Data Science)
University of St. Thomas (Minnesota),Saint Paul, MN,Masters,Data Science
University of the Sciences,Philadelphia, PA,Bachelors,Bioinformatics
University of the Sciences,Philadelphia, PA,Masters,Bioinformatics
University of Wisconsin–River Falls,River Falls, WI,Bachelors,Data Science
University of Wisconsin–River Falls,River Falls, WI,Masters,Data Science
Washington State University,Pullman, WA,Bachelors,Data Analytics
Washington State University,Pullman, WA,Masters,Data Analytics
Westmont College,Santa Barbara, CA,Bachelors,Computer Science (Data Science)
Winona State University,Winona, MN,Bachelors,Data Science
Winona State University,Winona, MN,Masters,Data Science
Xavier University of Louisiana,New Orleans, LA,Bachelors,Computer Science (Data Science)
Xavier University of Louisiana,New Orleans, LA,Masters,Bioinformatics
Michigan Technological University,Houghton, MI,Bachelors,Software Engineering
Michigan Technological University,Houghton, MI,Masters,Software Engineering
Michigan Technological University,Houghton, MI,Bachelors,Cybersecurity
Michigan Technological University,Houghton, MI,Masters,Cybersecurity
Michigan Technological University,Houghton, MI,Masters,Mechatronics
Missouri University of Science and Technology,Rolla, MO,Bachelors,Cybersecurity
Missouri University of Science and Technology,Rolla, MO,Masters,Cybersecurity
Missouri University of Science and Technology,Rolla, MO,Bachelors,Applied Mathematics (Computational)
Missouri University of Science and Technology,Rolla, MO,Masters,Applied Mathematics (Computational)
University of Alabama in Huntsville,Huntsville, AL,Bachelors,Cybersecurity
University of Alabama in Huntsville,Huntsville, AL,Masters,Cybersecurity
University of Alabama in Huntsville,Huntsville, AL,Bachelors,Information Systems
University of Alabama in Huntsville,Huntsville, AL,Masters,Information Systems
University of Southern Mississippi,Hattiesburg, MS,Bachelors,Cybersecurity
University of Southern Mississippi,Hattiesburg, MS,Masters,Cybersecurity (Online)
University of Southern Mississippi,Hattiesburg, MS,Bachelors,Information Technology
University of Southern Mississippi,Hattiesburg, MS,Masters,Information Technology (Online)
Naval Postgraduate School,Monterey, CA,Masters,Cyber Systems and Operations
Naval Postgraduate School,Monterey, CA,Masters,Computer Science (Cybersecurity)
Naval Postgraduate School,Monterey, CA,Masters,Information Warfare Systems Engineering
Air Force Institute of Technology,Wright-Patterson AFB, OH,Masters,Cyber Warfare
Air Force Institute of Technology,Wright-Patterson AFB, OH,Masters,Computer Science (Machine Learning)
Air Force Institute of Technology,Wright-Patterson AFB, OH,Masters,Electrical Engineering (Cyber-Physical Systems)
University of Maryland Global Campus,Adelphi, MD,Bachelors,Cybersecurity Technology
University of Maryland Global Campus,Adelphi, MD,Masters,Cybersecurity Management and Policy (Online)
University of Maryland Global Campus,Adelphi, MD,Masters,Data Analytics (Online)
University of Maryland Global Campus,Adelphi, MD,Bachelors,Computer Networks and Cybersecurity
University of Maryland Global Campus,Adelphi, MD,Masters,Information Technology (Software Engineering)
Western Governors University,Salt Lake City, UT,Bachelors,Cloud Computing
Western Governors University,Salt Lake City, UT,Masters,Cybersecurity and Information Assurance (Online)
Western Governors University,Salt Lake City, UT,Bachelors,Data Management/Data Analytics
Western Governors University,Salt Lake City, UT,Masters,Data Management/Data Analytics (Online)
Western Governors University,Salt Lake City, UT,Masters,Information Technology Management (Online)
Colorado Technical University,Colorado Springs, CO,Bachelors,Cybersecurity
Colorado Technical University,Colorado Springs, CO,Masters,Cybersecurity (Online)
Colorado Technical University,Colorado Springs, CO,Masters,Computer Science (Data Science)
Colorado Technical University,Colorado Springs, CO,Bachelors,Information Technology (Software Development)
Capella University,Minneapolis, MN,Masters,Information Technology (IT Management) (Online)
Capella University,Minneapolis, MN,Masters,Cybersecurity (Information Assurance) (Online)
Capella University,Minneapolis, MN,Bachelors,Information Technology (Software Development)
Liberty University,Lynchburg, VA,Bachelors,Information Technology (Data Networking and Security)
Liberty University,Lynchburg, VA,Masters,Cybersecurity (Online)
Liberty University,Lynchburg, VA,Masters,Information Technology (Software Design and Development) (Online)
Southern New Hampshire University,Manchester, NH,Bachelors,Computer Science (Software Engineering) (Online)
Southern New Hampshire University,Manchester, NH,Masters,Information Technology (Data Analytics) (Online)
Southern New Hampshire University,Manchester, NH,Bachelors,Information Technology (Cybersecurity)
Southern New Hampshire University,Manchester, NH,Masters,Information Technology (Cloud Computing) (Online)
University of Phoenix,Phoenix, AZ,Bachelors,Information Technology (Cybersecurity)
University of Phoenix,Phoenix, AZ,Masters,Information Technology (Cybersecurity) (Online)
University of Phoenix,Phoenix, AZ,Masters,Information Systems (Enterprise Software Development) (Online)
Arizona State University,Tempe, AZ,Bachelors,Applied Computing (Cloud Computing)
Arizona State University,Tempe, AZ,Masters,Applied Computing (Cybersecurity)
Arizona State University,Tempe, AZ,Masters,Applied Computing (Big Data)
Arizona State University,Tempe, AZ,Bachelors,Information Technology (Applied Data Science)
Arizona State University,Tempe, AZ,Masters,Computer Science (Applied Machine Learning)